title,url,discounted_price,original_price
ABS Plastic Case for Raspberry Pi 3 Model B & Raspberry Pi 2 E-524988,https://www.tinydeal.com/abs-plastic-case-for-raspberry-pi-3-model-b-raspberry-pi-2-p-163950.html,$2.23,$2.39 
3M 9001 KN90 Dust Masks Respirator Anti-dust PM2.5 Industrial Construction Polle RTH-562440,https://www.tinydeal.com/3m-9001-kn90-dust-masks-respirator-anti-dust-pm25-industrial-construction-polle-p-179487.html,$1.76,$2.12 
2-in-1 Vintage Blue Rhinestone Necklace + Earring Jewelry Set DJA-562974,https://www.tinydeal.com/2-in-1-vintage-blue-rhinestone-necklace-earring-jewelry-set-p-180097.html,$2.09,$5.42 
64GB USB 2.0 Flash Drive USB Pen Drive U Disk EFM-561923,https://www.tinydeal.com/64gb-usb-20-flash-drive-usb-pen-drive-u-disk-p-178875.html,$6.32,$18.03 
Simplified Package 216 x 3mm Buckyballs Magnetic DIY Balls Neocube TTH-417687,https://www.tinydeal.com/simplified-package-216-x-3mm-buckyballs-magnetic-diy-balls-neocube-p-153376.html,$3.57,$6.46 
1/10 pcs Bottle Shaped Survival Tool Flint Fire Starter Lighter HUI-112592,https://www.tinydeal.com/110-pcs-bottle-shaped-survival-tool-flint-fire-starter-lighter-p-66547.html,$1.06,$2.96 
CO Carbon Monoxide Smoke Detector Alarm Poisoning Gas Warning Sensor HHI-565563,https://www.tinydeal.com/co-carbon-monoxide-smoke-detector-alarm-poisoning-gas-warning-sensor-p-181307.html,$6.07,$9.19 
1 Pair of Silicone Magnetic Losing Weight Toe Rings HBI-13397,https://www.tinydeal.com/1-pair-of-silicone-magnetic-losing-weight-toe-rings-p-12727.html,$0.92,$3.00 
Portable Mini LCD Digital Tyre Tire Pressure Gauge Tester CTL-27481,https://www.tinydeal.com/portable-mini-lcd-digital-tyre-tire-pressure-gauge-tester-p-23322.html,$3.18,$3.68 
2.4GHz 1600dpi Wireless Optical Mouse Mice CMS-11833-C3,https://www.tinydeal.com/24ghz-1600dpi-wireless-optical-mouse-mice-p-168444.html,$3.33,$6.39 
1/2 pcs Car Visor Glasses Sunglasses Ticket Clip Holder - Color Assorted RIG-179460,https://www.tinydeal.com/12-pcs-car-visor-glasses-sunglasses-ticket-clip-holder-color-assorted-p-90302.html,$1.23,$3.50 
Teeth Whitening Pen Tooth Gel Whitener Bleach HBI-113105,https://www.tinydeal.com/teeth-whitening-pen-tooth-gel-whitener-bleach-p-66709.html,$1.86,$5.55 
M3S Bluetooth 4.0 Smart Bracelet with Blood Oxygen E-568625,https://www.tinydeal.com/m3s-bluetooth-40-smart-bracelet-with-blood-oxygen-p-181701.html,$5.00,$12.85 
Red Seven Flashing Modes Warning Light Bike Safety Lane - 2 Laser Beam OPJ-480690,https://www.tinydeal.com/red-seven-flashing-modes-warning-light-bike-safety-lane-2-laser-beam-p-156717.html,$2.59,$5.12 
Multifunction USB 2.0 M2/ TF Card Reader w/ Lanyard CCR-85173,https://www.tinydeal.com/multifunction-usb-20-m2-tf-card-reader-w-lanyard-p-57252.html,$1.39,$1.49 
10pcs Colorful Rose Flower Plant Seeds TDS-378192,https://www.tinydeal.com/10pcs-colorful-rose-flower-plant-seeds-p-145998.html,$0.72,$2.57 
Neoprene Short Beach Socks Diving Socks Non-Slip Antiskid Scuba Dive Boots SGD-548443,https://www.tinydeal.com/neoprene-short-beach-socks-diving-socks-non-slip-antiskid-scuba-dive-boots-p-174657.html,$2.89,$3.46 
216 x 5mm Buckyballs Magic Magnetic DIY Balls FTY-12600,https://www.tinydeal.com/216-x-5mm-buckyballs-magic-magnetic-diy-balls-p-11077.html,$9.84,$16.78 
Light Controlled Square LED Wall Night Lamp Bedroom Night Light HLT-506114,https://www.tinydeal.com/light-controlled-square-led-wall-night-lamp-bedroom-night-light-p-158312.html,$1.91,$4.68 
USB2.0 802.11 b/ g/ n 150Mbps Wireless Adapter with Antenna CNP-150792,https://www.tinydeal.com/usb20-80211-b-g-n-150mbps-wireless-adapter-with-antenna-p-81238.html,$4.37,$5.70 
18g Super Strong Sealant Fix Metal Adhesive Sealing Glue Bond HHI-557389,https://www.tinydeal.com/18g-super-strong-sealant-fix-metal-adhesive-sealing-glue-bond-p-177571.html,$1.09,$3.57 
Bluetooth 4.2 Magnetic Wireless Earbuds with 2 Pair of Ear Sleeves EEP-560851,https://www.tinydeal.com/bluetooth-42-magnetic-wireless-earbuds-with-2-pair-of-ear-sleeves-p-178665.html,$3.02,$5.87 
1/2/5/10 pcs Teflon Gas Hob Oil Protector Liner Reusable Stove Clean Mat Pad HHI-549769,https://www.tinydeal.com/12510-pcs-teflon-gas-hob-oil-protector-liner-reusable-stove-clean-mat-pad-p-175005.html,$1.38,$5.21 
6pcs 6-Layer Razor Blades + Shaver Handle HHI-557375,https://www.tinydeal.com/6pcs-6-layer-razor-blades-shaver-handle-p-178095.html,$3.31,$6.35 
1/4/10 pcs 3M VHB Double Sided Adhesive Acrylic Foam Tape Scotch Tape RTH-545063,https://www.tinydeal.com/1410-pcs-3m-vhb-double-sided-adhesive-acrylic-foam-tape-scotch-tape--p-173455.html,$1.92,$3.28 
FM/ MP3 Wireless Transmitter with Remote Controller for Car RFM-96304,https://www.tinydeal.com/fm-mp3-wireless-transmitter-with-remote-controller-for-car-p-61215.html,$3.46,$4.00 
2pcs DC 12V 2W 41mm Festoon 6000K LED Car White Light Lamp RCB-71476,https://www.tinydeal.com/2pcs-dc-12v-2w-41mm-festoon-6000k-led-car-white-light-lamp-p-51560.html,$2.19,$2.34 
Original Xiaomi Piston Dazzle Edition Earphones with Mic EEP-455477-C3,https://www.tinydeal.com/original-xiaomi-piston-dazzle-edition-earphones-with-mic-p-160055.html,$5.51,$6.34 
Mini Camera SQ11 Night Vision FOV140 1080P DV Video Recorder EVC-558775,https://www.tinydeal.com/mini-camera-sq11-night-vision-fov140-1080p-dv-video-recorder-p-179706.html,$8.29,$15.77 
2 Inch HD Screen Kids Mini Digital Camera Chargable Camera Toys Children Gift RTH-572086,https://www.tinydeal.com/2-inch-hd-screen-kids-mini-digital-camera-chargable-camera-toys-children-gift-p-182341.html,$10.63,$11.68 
Car MP3 Player with SD/MMC Slot RFM-31092,https://www.tinydeal.com/car-mp3-player-with-sdmmc-slot-p-26057.html,$3.33,$3.94 
Power Balance Silicone Wristband Bracelet Energy Bracelets E-546551,https://www.tinydeal.com/power-balance-silicone-wristband-bracelet-energy-bracelets-p-173899.html,$1.15,$4.32 
M165 Mini Bluetooth 4.1 Wireless Earphone with Mic Volume Adjustable for Phone RTH-573956,https://www.tinydeal.com/m165-mini-bluetooth-41-wireless-earphone-with-mic-volume-adjustable-for-phone-p-182813.html,$2.84,$5.49 
Universal Micro-USB OTG TF/SD Card Reader for Smartphone Tablet PC ECACR-483880,https://www.tinydeal.com/universal-micro-usb-otg-tfsd-card-reader-for-smartphone-tablet-pc-p-156504.html,$1.10,$2.39 
Magical Intellect Puzzle Ball IQ Trainer Toy for Kids Children FTY-13833,https://www.tinydeal.com/magical-intellect-puzzle-ball-iq-trainer-toy-for-kids-children-p-12350.html,$4.81,$5.14 
2 in 1 KN320 Bluetooth 5.0 Audio Receiver Transmitter Wireless Adapter Car RTH-571803,https://www.tinydeal.com/2-in-1-kn320-bluetooth-50-audio-receiver-transmitter-wireless-adapter-car-p-182304.html,$3.68,$6.43 
Universal 6'' Phone Lanyard Necklace & Wrist Strap Card Bag Holder w Lanyard HHITH-543753,https://www.tinydeal.com/universal-6-phone-lanyard-necklace-wrist-strap-card-bag-holder-w-lanyard-p-172964.html,$1.75,$2.79 
TOPK 1M Hi-Tensile Type C Data Fast Charging Cable EPACB-559670,https://www.tinydeal.com/topk-1m-hi-tensile-type-data-fast-charging-cable-p-178951.html,$1.58,$2.20 
4 Pack Car Door Sill Protector Sticker 3D Carbon Fiber Pedals Guards Autoparts HHI-573062,https://www.tinydeal.com/4-pack-car-door-sill-protector-sticker-3d-carbon-fiber-pedals-guards-autoparts-p-182650.html,$1.90,$2.48 
Portable Waterproof Emergency Space Rescue Thermal Foil Mylar Blankets Silver EDT-554213,https://www.tinydeal.com/portable-waterproof-emergency-space-rescue-thermal-foil-mylar-blankets-silver-p-176637.html,$1.72,$2.26 
Evening  Butterfly Pendant Rhinestones T-Back Sexy Underwear DUW-278008,https://www.tinydeal.com/evening-butterfly-pendant-rhinestones-t-back-sexy-underwear-p-118449.html,$1.89,$2.37 
ESTRELLA  32G USB2.0 High Speed Mini Flash Drive Waterproof USB EUD-555514,https://www.tinydeal.com/estrella-32g-usb20-high-speed-mini-flash-drive-waterproof-usb-p-176841.html,$5.19,$13.11 
2PCS Automobile Electrostatic Sunshade Car Sunscreen Sticker RTH-391611,https://www.tinydeal.com/2pcs-automobile-electrostatic-sunshade-car-sunscreen-sticker--p-148929.html,$3.63,$5.17 
Mushroom Style 1/5W Light Sensor LED Night Lamp HLI-149180,https://www.tinydeal.com/mushroom-style-15w-light-sensor-led-night-lamp-p-80565.html,$1.90,$3.43 
Stainless Steel Small Quickdraw Carabiner with Locking SCH-314987,https://www.tinydeal.com/stainless-steel-small-quickdraw-carabiner-with-locking-p-129565.html,$0.96,$1.48 
LED Brake Lights 12V Auto Reverse Lamp Turn Signal Daytime Running Light RLT-554909,https://www.tinydeal.com/led-brake-lights-12v-auto-reverse-lamp-turn-signal-daytime-running-light-p-177279.html,$2.28,$4.42 
1/2/4/6/10 pcs Survival Fire Sparkle Flint Firestone Striker Fire Starter QCH-233585,https://www.tinydeal.com/124610-pcs-survival-fire-sparkle-flint-firestone-striker-fire-starter-p-105386.html,$2.70,$3.60 
Mini Infrared Induction Helicopter Hand Induction Flying Aircraft for Kids TDS-546066,https://www.tinydeal.com/mini-infrared-induction-helicopter-hand-induction-flying-aircraft-for-kids-p-173638.html,$10.26,$13.28 
Car Paint Scratches Repair Pen Brush Waterproof Paint Marker Pen Car Maintain RTH-571469,https://www.tinydeal.com/car-paint-scratches-repair-pen-brush-waterproof-paint-marker-pen-car-maintain-p-182211.html,$1.36,$4.46 
New Silicone Bracelet Electronic Digital LED Sport Wrist Watch WWT-357380,https://www.tinydeal.com/new-silicone-bracelet-electronic-digital-led-sport-wrist-watch-p-140958.html,$1.90,$5.77 
Magnetic Therapy Thermal Self-Heating Waist Pad Belt Waist Brace HSI-25926,https://www.tinydeal.com/magnetic-therapy-thermal-self-heating-waist-pad-belt-waist-brace-p-21743.html,$5.41,$5.77 
Double Zippers Design Multi-functional Storage Bag HHI-115510,https://www.tinydeal.com/double-zippers-design-multi-functional-storage-bag-p-68145.html,$3.87,$4.09 
300-LED 5M 18W 3528 SMD Indoor LED Light Strip HLD-232081,https://www.tinydeal.com/300-led-5m-18w-3528-smd-indoor-led-light-strip-p-105650.html,$7.15,$7.64 
SASTFOE U2 64GB USB 2.0 Flash Drive Pen Drive Metal Silver U Disk EUD-570813,https://www.tinydeal.com/sastfoe-u2-64gb-usb-20-flash-drive-pen-drive-metal-silver-u-disk-p-182062.html,$6.70,$16.36 
1/2/4 pcs Posture Corrector Shoulder Back Brace Belt Vest Posture Supporter HBI-216132,https://www.tinydeal.com/124-pcs-posture-corrector-shoulder-back-brace-belt-vest-posture-supporter-p-100149.html,$3.62,$3.89 
Multifunction Waterproof Silicone Performance Repair Bonding Rescue WireTape HHI-543537,https://www.tinydeal.com/multifunction-waterproof-silicone-performance-repair-bonding-rescue-wiretape-p-172852.html,$2.24,$3.14 
